Name,Email,Date of birth
Norma Fisher,tammy76@example.com,2020-09-24
Steven Robinson,juancampos@example.net,2001-03-13
Ms. Michele Guzman,kyleblair@example.net,1946-10-09
Heather Stewart,tammywoods@example.net,1938-09-07
Kimberly Smith,ypage@example.net,1980-12-30
Samantha Cook,jane13@example.net,1934-03-09
Brenda Daniels,millerluke@example.net,2024-03-26
Eric Carter Jr.,lisa83@example.net,1971-12-12
Brandon Yates,barbara42@example.org,2003-10-04
William Green,daviskatherine@example.org,2015-07-31
Stephanie Leblanc,hmassey@example.com,1968-12-29
Daniel Shelton,criley@example.com,1985-01-20
Sydney Leon MD,tuckercrystal@example.org,1936-08-29
Autumn Robinson,marvincabrera@example.org,1999-04-23
Colleen Montoya,johnsoncynthia@example.net,2004-10-03
Brandon Bass,johnsonandrew@example.org,1991-10-08
Nicholas Brown,stephenschristine@example.com,1916-08-03
Eric Graham,gordonbenjamin@example.org,1989-08-03
David Strong,kmassey@example.org,1989-05-26
Randall Kramer,meganpeterson@example.com,1922-01-24
Mary Smith,gmccullough@example.com,1983-09-29
Matthew Hernandez,ellischristian@example.net,1913-10-08
David Benton,chelsea59@example.net,2007-07-04
Eric Goodman,smithjames@example.com,1927-01-14
Jerome Page,sjohnson@example.net,1956-12-24
Amber Griffin,jacqueline78@example.com,2013-10-19
April Williams,larry70@example.com,1930-04-11
Miss Angela Swanson DVM,aherring@example.com,1908-11-10
Paul Baird,leecharlene@example.org,2009-10-23
William Garcia,bburton@example.com,2014-06-24
Ashley Scott,darin24@example.org,1913-05-17
David Edwards,sheena09@example.net,1965-10-29
Judy Graham,jaredmatthews@example.org,1924-07-12
George Richardson,morganchristine@example.org,1939-09-29
Kevin Ward,kellywoods@example.org,2016-10-13
Scott Chandler,richard54@example.com,1921-01-26
Karen Rogers,david17@example.com,1912-11-08
Michael Moore,courtneybennett@example.net,1918-07-20
Christina Walker,zsmith@example.net,1968-09-02
John Richards,rodneyrichardson@example.com,1976-05-09
Corey Wilson,leachshannon@example.net,1931-11-12
David Davidson DVM,cindygarcia@example.com,1952-04-26
Brittany Hinton,zhernandez@example.net,1987-05-04
Kathleen Stark,martha73@example.net,1979-03-15
Gerald Estes,lisa08@example.org,2009-11-27
Brittney Gray,jennifer71@example.org,1968-05-20
Andrea Anderson,alexis75@example.org,2001-05-05
Julia Watson,gsantana@example.org,1975-01-14
Renee Chang,burgessrebecca@example.org,1942-01-25
Jennifer Kaufman,olawson@example.org,1984-09-04
Christopher Hunter,marvin74@example.com,1998-01-28
James Martin,johnblair@example.com,1914-11-28
Jason Vasquez,nunezedward@example.com,1956-02-28
Jasmine Williams,bosborne@example.org,1977-11-14
Fred Graves,james71@example.org,1979-03-30
Mark Morgan,montesjennifer@example.com,1999-12-10
Thomas Lloyd,stonekristen@example.org,1912-11-23
Jacob Lee,kristine10@example.org,1964-11-11
Theresa Estrada,jerryfrank@example.net,1998-11-17
Jennifer Torres,thomaspatricia@example.com,2015-07-10
Jennifer Garcia,jessicajohnson@example.com,1958-06-22
Jonathan Shields,jennifer15@example.org,1922-07-19
Haley Thompson,lorijones@example.org,1932-08-04
Michael Mays,adkinskelly@example.net,1911-04-30
Shannon Lopez,woodsjasmine@example.com,1923-07-26
Heidi Kennedy,kenneth85@example.org,1977-04-04
Joseph Parker,ihurst@example.org,1945-02-10
Paul Carter,ialvarado@example.net,1910-11-07
Benjamin Fisher,jyang@example.net,1957-06-10
Angela Wallace,dana80@example.com,1955-11-14
Nicholas Flores,nathanfarley@example.org,2018-09-12
Destiny Grant,lauragriffin@example.com,1929-12-21
Christopher Chung,sharon25@example.com,1981-09-21
Paul Phillips,amontgomery@example.org,1943-02-06
Lori Gardner,rogerpotter@example.org,1987-02-19
Crystal Gill,crystal01@example.com,2010-12-24
David Fox,vwallace@example.com,1949-07-06
Megan Gonzalez,johnsonlaura@example.com,1970-05-15
Scott Macdonald,carloscallahan@example.com,1968-10-07
Lori Schmidt,isosa@example.com,1994-06-22
Diana Ramos,ericterry@example.com,1955-01-04
Justin Evans,nnewton@example.com,1965-03-05
Katherine Mullen,vevans@example.com,1914-07-19
Allison Ruiz,mathistiffany@example.net,2009-01-19
Natalie Caldwell,warddarren@example.org,2024-06-06
Melissa Acosta,donaldberry@example.org,1920-09-13
Gary Jackson,rwong@example.com,1925-08-21
Brittany Stewart,reneewallace@example.com,1958-01-12
Nicholas Pope MD,brendawilliams@example.com,1912-04-30
Shelby Cox,jesseevans@example.org,1990-03-28
Diane Rich,robert08@example.net,2019-06-02
Tara Villa,thenry@example.com,1933-06-16
Andrew Martin,robertsadrian@example.org,1999-09-21
Tracy Sanders,shawnmorgan@example.org,1978-10-21
Francis Herrera,jonathan80@example.org,1951-03-28
Joseph Lopez,johndaniel@example.com,1944-09-07
Dawn Cooper,bradleyvilla@example.org,1909-07-15
Jeffrey Stark MD,hstevens@example.org,1917-12-02
Preston Gutierrez,scottjones@example.com,1973-04-24
Jennifer Haley,tracyanderson@example.com,2016-11-12
